,Features,Coefficients
1,Glucose,0.7237077059060725
5,BMI,0.38869996795192663
0,Pregnancies,0.22873137276585218
7,Age,0.1940474242097337
6,DiabetesPedigreeFunction,0.16092841041914263
2,BloodPressure,0.04804613828776071
4,Insulin,0.001968338566418044
3,SkinThickness,-0.006506820445748597
