,Features,Coefficients
1,Glucose,0.7237077059060725
5,BMI,0.3886999679519265
0,Pregnancies,0.22873137276585212
7,Age,0.19404742420973375
6,DiabetesPedigreeFunction,0.16092841041914263
2,BloodPressure,0.04804613828776074
4,Insulin,0.0019683385664181004
3,SkinThickness,-0.00650682044574858
