mean_test_score,mean_train_score
0.7813465346534654,0.7862844586002987
0.7753663366336634,0.7818080811821784
0.7753663366336634,0.7818080811821784
